[
  {
    "id": "6e871dcd-79b3-4939-a3fe-ea55e9a2cf01",
    "data": [
      {
        "text": "kubernetes",
        "alias": "ossRepository",
        "meta": "@ossRepository",
        "userDefined": false
      }
    ],
    "isTemplate": false,
    "count": 0,
    "updated": 0
  },
  {
    "id": "a12c11a3-229f-4a07-b795-6ee61fa85123",
    "data": [
      {
        "text": "buildah",
        "alias": "ossRepository",
        "meta": "@ossRepository",
        "userDefined": false
      }
    ],
    "isTemplate": false,
    "count": 0,
    "updated": 0
  },
  {
    "id": "85ab0b5a-2b70-432a-a066-69685c7b4c90",
    "data": [
      {
        "text": "faasshell",
        "alias": "ossRepository",
        "meta": "@ossRepository",
        "userDefined": true
      }
    ],
    "isTemplate": false,
    "count": 0,
    "updated": 0
  }
]